﻿customerId,groupId,officeId,branchId,policyId,policyHolderName,dob,Gender,policyPremiumAmount,contactNO,Address,policyPayPeriod,creationDate,updateDate,policyRenewalPeriod,status
101,11,121,1,21,Steve Rogers,2/7/1998,Male,300000,9383837333,Kolhapur,1,1/1/2021,1/1/2022,1/1/2024,ok
102,12,122,2,22,Tony Stark,2/6/1996,Male,500000,9837363663,Mumbai,6,5/7/2019,8/9/2020,5/7/2024,ok
103,13,123,3,23,Natasha Romanoff,3/6/1995,Female,45000,6363636363,Delhi,3,6/7/2020,7/8/2021,6/7/2026,ok
104,14,124,4,24,Johnny Depp,7/8/1996,Male,200000,9145136798,Chennai,1,6/9/2018,7/9/2019,7/9/2021,ok
105,15,125,5,25,Amber Heard,2/4/1994,Female,800000,7363663633,Pune,4,7/9/2017,7/9/2018,7/9/2023,Due Pending
106,16,126,6,26,Bruce Banner,2/4/1993,Male,40000,913425252,Banglore,3,8/9/2022,8/9/2023,8/9/2026,ok
107,17,121,2,22,Akshay k,2/7/1990,Male,3000,9145135677,Mumbai,2,1/9/2017,1/9/2018,2/7/2025,ok
108,12,123,2,22,Ajay D,5/7/1992,Male,4000,830383837,Surat,2,1/7/2018,1/7/2019,2/8/2026,ok
109,13,13,13,21,Santosh k,6/7/1989,Male,5000,8308015698,Delhi,6,1/6/2016,1/6/2019,1/6/2025,updated
110,14,14,3,21,Priyanka c,7/8/1992,Female,6000,7307201117,Jaipur,4,4/6/2017,4/7/2018,4/7/2024,ok
111,15,124,7,27,Kartik A,7/8/1991,Male,7000,8908909876,Nashik,4,3/5/2015,3/5/2016,6/5/2024,Due Pending
112,16,121,6,27,Nikita P,9/9/1993,Female,7000,8987654321,Nagpur,4,3/5/2015,3/5/2016,6/5/2025,Due Pending
